termino;oracion;es_definicion
sociedad;Bajo esa definiciÃ³n, la primera que nos ofrece el Diccionario de la Real Academia EspaÃ±ola, tanto un paÃ­s, un pueblo o una comunidad, como un panal de abejas o una organizaciÃ³n empresarial, pueden constituir ejemplos de sociedades.;0
sociedad;El tÃ©rmino sociedad proviene del latÃ­n societas, derivada de la voz socius, que traduce âaliadoâ o âcompaÃ±eroâ. Es decir, que el rasgo central en la idea de sociedad tiene que ver con la cooperaciÃ³n, o sea, con estar en el mismo bando.;0
cultura;AdemÃ¡s, sus caracterÃ­sticas, los elementos de una cultura y ejemplos.;0
cultura;Incluye aspectos como las costumbres, las tradiciones, las normas y el modo de un grupo de pensarse a sÃ­ mismo, de comunicarse y de construir una sociedad.;0
identidad;El tÃ©rmino identidad proviene del vocablo latÃ­n identÃ¯tas, que refiere al grupo de rasgos y caracterÃ­sticas que diferencia a un individuo, o grupo de individuos, del resto.;0
identidad;Es a partir de esta que las personas logran distinguirse del resto y esto depende siempre de la cosmovisiÃ³n e historia propia y del contexto en el que se vive.;0
rol;La historia del tÃ©rmino se remonta a la AntigÃ¼edad romana, ya que se llamaba rotulus (ârolloâ, âmanuscrito enrolladoâ) a los apuntes de la obra con los que cada actor contaba y que debÃ­a memorizar.;0
rol;Al hablar de ârolesâ, por lo tanto, se suele hacer referencia a las funciones preestablecidas y asignadas a quienes participan en un proyecto o iniciativa.;0
norma;AdemÃ¡s, normas sociales, penales, jurÃ­dicas, editoriales y mÃ¡s.;0
norma;Las normas son reglas que se establecen con el propÃ³sito de regular comportamientos para mantener un orden determinado, y son articuladas para establecer las bases de un comportamiento aceptado dentro de una sociedad u organizaciÃ³n.;0
estatus;Este tÃ©rmino es equivalente al vocablo latino status, del cual proviene, que se puede traducir como âestadoâ o âcondiciÃ³nâ. Por eso, tambiÃ©n se lo utiliza para referirse a la condiciÃ³n de las personas dentro de un sistema de valores, como ocurre cuando nos referimos al âestatus socialâ (el lugar que alguien ocupa dentro de la sociedad), el âestatus migratorioâ (la condiciÃ³n que alguien tiene frente a las leyes de un paÃ­s) o el âestatus civilâ (la condiciÃ³n legal que alguien tiene frente al estado: casado, soltero, entre otros).;0
estatus;Son sinÃ³nimos de estatus los tÃ©rminos estado, condiciÃ³n, situaciÃ³n, apreciaciÃ³n o valoraciÃ³n.;0
conflicto;AdemÃ¡s, por quÃ© se producen y mÃºltiples ejemplos.;0
conflicto;El conflicto puede darse en el Ã¡mbito de las relaciones interpersonales o a nivel social cuando se involucran muchas personas o grupos.;0
comunidad;AdemÃ¡s, los tipos de comunidades y el abordaje de Max Weber.;0
comunidad;TambiÃ©nÂ suele ocurrir que las personas se agrupen entre sÃ­Â de manera voluntaria o espontÃ¡nea por tener un objetivo en comÃºn.;0
institución;AdemÃ¡s, cuÃ¡les son las instituciones mÃ¡s importantes.;0
institución;Pueden abarcar desde unas pocas personas hasta miles de individuos, segÃºn el alcance que tenga.;0
desigualdad;La desigualdad ocurre cuando dos o mÃ¡s cosas o situaciones no son iguales, esto es, que no son equivalentes, ni justas, ni se corresponden.;0
desigualdad;Esto puede referirse a cosas muy distintas, dependiendo del contexto.;0
ideología;AdemÃ¡s, te contamos el origen del tÃ©rmino y cuÃ¡ndo se usa de forma despectiva.;0
ideología;Estas ideas pueden ser creencias, interpretaciones, emociones, valores, entre otras.;0
poder;AdemÃ¡s, los poderes polÃ­tico, pÃºblico, econÃ³mico y militar.;0
poder;En este sentido, un padre puede ejercer el poder sobre sus hijos, y un gobierno sobre sus ciudadanos.;0
movilidad social;El concepto de movilidad social es frecuentemente utilizado en la sociologÃ­a para estudiar el funcionamiento de las sociedades de clases o estratificadas.;0
movilidad social;En las sociedades modernas, estÃ¡ muy relacionado con la idea de meritocracia, es decir, con la posibilidad de que los individuos asciendan socialmente y mejoren su calidad de vida si se esfuerzan lo suficiente.;0
globalización;AdemÃ¡s, sus causas y consecuencias, y sus ventajas y desventajas.;0
globalización;En un sentido amplio, los orÃ­genes de la globalizaciÃ³n se remontan a la era de los descubrimientos, entre los siglos XV y XVII, cuando los europeos exploraron AmÃ©rica y otras regiones del mundo.;0
socialización;AdemÃ¡s, las etapas e importancia de este proceso.;0
socialización;Esto le permite al individuo internalizar las perspectivas, las pautas, las creencias y las normas y valores culturales que rigen en una determinada sociedad en un momento histÃ³rico en particular.;0
etnocentrismo;Esto suele dificultar la comprensiÃ³n de otras sociedades, pues promueve la idea de que la propia cultura es superior o mÃ¡s desarrollada que las demÃ¡s, y que las costumbres de la sociedad a la que uno pertenece son las Ãºnicas correctas.;0
etnocentrismo;El etnocentrismo puede llevar en ocasiones a validar pensamientos o comportamientos xenÃ³fobos, racistas o discriminatorios, aun cuando muchas veces esto suceda de manera involuntaria o inconsciente.;0
control social;El concepto de control social tiene un sentido muy amplio y abarca mecanismos muy diferentes entre sÃ­. Estos van desde las leyes y los castigos que son impuestos por las autoridades, hasta los valores, las costumbres y las creencias que son compartidos por la mayorÃ­a de los ciudadanos.;0
control social;AdemÃ¡s, el control social se ejerce a travÃ©s de dos tipos de medios: coercitivos y persuasivos.;0
aculturación;AdemÃ¡s, cuÃ¡les son sus consecuencias y algunos ejemplos.;0
aculturación;Este cambio se expresa en las costumbres, las creencias, el idioma, las normas y otras prÃ¡cticas, y se entiende como una forma de adaptaciÃ³n a nuevas condiciones sociales.;0
estructura social;Este orden puede cambiar y adaptarse a las transformaciones histÃ³ricas, y funciona como un sistema, con sus normas, sus mecanismos, sus procesos, sus valores y sus instituciones.;0
estructura social;En este sentido, diversas disciplinas, como la sociologÃ­a, la antropologÃ­a, la psicologÃ­a social y otras ciencias sociales, se ocupan de hacerla visible y de estudiar sus alcances, sus caracterÃ­sticas y sus consecuencias.;0
grupo social;Dichos grupos se identifican fÃ¡cilmente porque tienen una identidad compartida, un propÃ³sito evidente, y una forma y estructura definidas, ademÃ¡s de que actÃºan en concordancia con ciertos valores, normas y cÃ³digos propios.;0
grupo social;Los grupos sociales pueden abarcar unos pocos individuos o una naciÃ³n entera, siempre y cuando cumplan con los requisitos fundamentales de una cultura comÃºn y una estructura y un propÃ³sito determinados.;0
identidad colectiva;Es al mismo tiempo un fenÃ³meno de autopercepciÃ³n (cÃ³mo los individuos se perciben a sÃ­ mismos) y una forma de relacionarse con los demÃ¡s (identidad social).;0
identidad colectiva;Los seres humanos somos seres gregarios y sociales, que formamos siempre parte de no solo una, sino mÃºltiples comunidades, cada una de las cuales contribuye a la formaciÃ³n de nuestra identidad individual, a la par que nosotros contribuimos con la formaciÃ³n de una identidad colectiva.;0
organización social;Dichas relaciones tienen como propÃ³sito alcanzar una meta comÃºn y se dan conforme a distintos patrones culturales, polÃ­ticos o incluso sexuales, dependiendo de su contexto histÃ³rico.;0
organización social;En cambio, las organizaciones sociales son las distintas maneras de institucionalizar o formalizar estas relaciones ya mencionadas, de modo tal que conformen grupos humanos orientados de una manera particular hacia un objetivo.;0
educación;AdemÃ¡s, quÃ© tipos de educaciÃ³n hay y cÃ³mo la definen diferentes autores.;0
educación;En tÃ©rminos generales, la educaciÃ³n requiere de la cooperaciÃ³n entre el aprendiz o educando y los formadores o educadores, usualmente maestros, profesores o tutores.;0
pedagogía;AdemÃ¡s, las carreras de pedagogÃ­a y su relaciÃ³n con la educaciÃ³n.;0
pedagogía;Su principal objeto de estudio son los procesos educativos, entendidos como fenÃ³menos socioculturales influenciados por diversos factores.;0
aprendizaje;AdemÃ¡s, las teorÃ­as del aprendizaje y cÃ³mo se clasifica.;0
aprendizaje;Algunas teorÃ­as se basan en los cambios observables que el aprendizaje produce en el comportamiento (conductismo) y otras se centran en los cambios en los procesos de pensamiento, que son internos (cognitivismo).;0
enseñanza;AdemÃ¡s, los tipos que existen y sus caracterÃ­sticas.;0
enseñanza;Aunque la enseÃ±anza suele estar relacionada con instituciones creadas con fines educativos, como escuelas y universidades, puede desarrollarse en diferentes Ã¡mbitos.;0
evaluación;El diccionario de la Real Academia EspaÃ±ola define la evaluaciÃ³n como la âacciÃ³n y efecto de evaluarâ, o sea, de âestimar, apreciar, seÃ±alar el valor de algoâ, y de inmediato lo vincula con el mundo escolar y educativo.;0
evaluación;Probablemente porque nuestras primeras experiencias formales con el proceso de ser evaluados provienen justamente de allÃ­, de la escuela y la academia.;0
didáctica;Se encarga de analizar, intervenir y orientar los procesos educativos.;0
didáctica;Para ello, combina el saber y el hacer didÃ¡ctico, es decir, la teorÃ­a y la prÃ¡ctica.;0
alfabetización;AdemÃ¡s, te contamos cuÃ¡les son los paÃ­ses mÃ¡s y menos alfabetizados.;0
alfabetización;TambiÃ©n se llama asÃ­ al indicador demogrÃ¡fico que expresa la cantidad de individuos de un paÃ­s que saben leer y escribir.;0
competencia;El tÃ©rmino competencia, es usado tambiÃ©n para referirse a ciertosÂ contextos en los que dos personas, equipos o empresas se relacionan en un medio e intentan superar una a la otra.;0
competencia;Por ejemplo: una competencia deportivaÂ en la que cada competidor intentarÃ¡ llegar a la meta antes de que otro lo haga.;0
metodología;Todos losÂ mÃ©todos de investigaciÃ³n deben seguir una metodologÃ­a, que se vale de una teorÃ­a normativa, descriptiva y comparativa acerca del mÃ©todo, sumado al proceder del investigador.;0
metodología;Existe un consenso sobre la validez de tÃ©cnicas de investigaciÃ³n como laÂ observaciÃ³n, la experimentaciÃ³n y la estadÃ­stica basada en encuestas o cuestionarios.;0
motivación;AdemÃ¡s, diferencias entre motivaciÃ³n intrÃ­nseca y extrÃ­nseca.;0
motivación;Generalmente, al hablar de motivaciÃ³n nos referimos a las fuerzas internas o externas que actÃºan sobre un individuo para disparar, dirigir o sostener una conducta.;0
formación;El tÃ©rmino formaciÃ³n proviene del latÃ­n Â«formatioÂ» yÂ hace referencia a formar algo, al aspecto y caracterÃ­sticas externas de las cosas.;0
formación;Â Existen varios y diferentes conceptos que de se refieren a la formaciÃ³n, ellos son:;0
conocimiento;© elementos lo hacen posible y quÃ© tipos existen.;0
conocimiento;La epistemologÃ­a estudia la esencia del conocimiento en tÃ©rminos cientÃ­ficos, mientras que la gnoseologÃ­a estudia el conocimiento en general.;1
instrucción;Desde este punto de vista mÃ¡s general, el verbo âinstruirâ es sinÃ³nimo de âeducarâ o âenseÃ±arâ, y por lo tanto hablar de âla instrucciÃ³nâ equivale a referirse al acto educativo.;0
instrucción;De allÃ­ que se llame instrucciÃ³n militar a la formaciÃ³n escolar en asuntos militares, o instrucciÃ³n primaria a la etapa inicial del proceso educativo.;0
aprendizaje significativo;Esto significa que cuando un alumno aprende una informaciÃ³n, esta es asociada a la que ya posee y, como resultado, ambas cambian: se aÃ±ade la informaciÃ³n nueva y se reestructura la antigua.;0
aprendizaje significativo;Desde esta perspectiva, la incorporaciÃ³n de conocimientos debe ser sustancial y no arbitraria, es decir que debe realizarse de forma fundamentada y comprensiva en lugar de memorÃ­stica.;0
constructivismo;AdemÃ¡s, sus diferencias con el modelo tradicional.;0
constructivismo;una escuela de pedagogÃ­aÂ basada en los principios de la teorÃ­a constructivista del conocimiento, es decir, en laÂ comprensiÃ³n de la enseÃ±anza como una tarea dinÃ¡mica, participativa, en la que se brinda al alumno las herramientas para que desarrolle por sÃ­ mismo las resoluciones a los problemas que se le presentan.;0
habilidades blandas;Las habilidades blandas son cualidades interpersonales y emocionales, claves para la realizaciÃ³n de funciones como la comunicaciÃ³n o el trabajo en equipo.;1
habilidades blandas;Por eso, las habilidades blandas y duras (tambiÃ©n conocidas como soft skills y hard skills) son los dos grandes grupos en que se clasifican las capacidades de un individuo para el desempeÃ±o laboral.;0
psicología;AdemÃ¡s, sus objetivos y su relaciÃ³n con la educaciÃ³n.;0
psicología;El campo de estudio de la psicologÃ­a es amplio, abarca el anÃ¡lisis de la mente y la experiencia humanas desde diversas perspectivas, corrientes y metodologÃ­as.;0
conducta;AdemÃ¡s, se estudia cÃ³molas conductas son influenciadas por factores tanto internos como externos.;0
conducta;Los factores internos comprenden los procesos biolÃ³gicos y psicolÃ³gicos del individuo, como la genÃ©tica, las emociones o los pensamientos.;0
emoción;Involucran tres tipos de factores: fisiolÃ³gicos, conductuales y cognitivos.;0
emoción;Por ejemplo, una persona que siente miedo experimenta taquicardia (factor fisiolÃ³gico), cambia su expresiÃ³n facial y su tono de voz (factor conductual) y califica lo que le pasa como desagradable (factor cognitivo).;0
percepción;AdemÃ¡s, sus caracterÃ­sticas principales y sus tres etapas.;0
percepción;La psicologÃ­a diferencia dos componentes de la percepciÃ³n:;0
personalidad;AdemÃ¡s, los tipos y los trastornos de personalidad.;0
personalidad;Incluye patrones de pensamientos, emociones y comportamientos que determinan cÃ³mo interactÃºa una persona con su entorno.;0
autoestima;La autoestima se construye a lo largo de toda la vida a partir de mÃºltiples factores, especialmente de la relaciÃ³n con la familia y el en torno social.;0
autoestima;Por ejemplo, Abraham Maslow, en su teorÃ­a de las necesidades humanas, destacÃ³ las ânecesidades de autoestimaâ como la confianza, el sentido del Ã©xito o el respeto.;0
memoria;Su funciÃ³n principal es proporcionar una base de conocimiento que facilita la asimilaciÃ³n de nuevas situaciones.;0
memoria;La memoria no solo almacena recuerdos, sino que los reelabora en funciÃ³n del presente y los integra en el contexto actual.;0
desarrollo;El tÃ©rmino desarrollo tiene diversas acepciones segÃºn las Ã¡reas del saber que nos interesen.;0
desarrollo;Por ejemplo, en biologÃ­a, se emplea para referirnos al proceso de crecimiento y maduraciÃ³n de un ser viviente, especialmente a la etapa que involucra la maduraciÃ³n sexual.;0
adaptación;AdemÃ¡s, te contamos en quÃ© otros Ã¡mbitos se utiliza el tÃ©rmino.;0
adaptación;Todo aquello que tiene esta capacidad, sea un organismo, un individuo o un objeto, se califica de adaptable, mientras que aquello que carece de ella se llama inadaptable.;0
inteligencia emocional;El concepto se relaciona con la teorÃ­a de las inteligencias mÃºltiples, que describe las competencias intelectuales como conjuntos de habilidades destinadas a resolver distintos tipos de problemas.;0
inteligencia emocional;AsÃ­,la inteligencia emocional permite a las personas procesar informaciÃ³n sobre las emociones y utilizarla para guiar el comportamiento.;0
psicopatología;La perspectiva biomÃ©dica y ejemplos de trastornos psicopatolÃ³gicos.;0
psicopatología;Este estudio puede llevarse a cabo con varios enfoques o modelos, entre los cuales pueden citarse al biomÃ©dico, al psicodinÃ¡mico, al socio-biolÃ³gico y al conductual.;0
resiliencia;AdemÃ¡s, algunos ejemplos y sinÃ³nimos de esta capacidad.;0
resiliencia;Cuando hablamos deÂ resilienciaÂ nos referimos a la capacidad de un individuo, un sistema o una comunidad deÂ atravesar episodios o eventos traumÃ¡ticos, violentos o difÃ­ciles sin que ello signifiqueÂ una transformaciÃ³n permanente (y sobre todo nociva) en su estructura o su manera de ser.;0
bienestar;Esto quiere decir que o normalmente no somos conscientes de ello, o bien suele haber elementos que interrumpan dicho buen funcionamiento.;0
bienestar;Sea cual sea el caso, el bienestar vendrÃ­a a ser la condiciÃ³n individual o colectiva en que las necesidades mÃ­nimas existenciales estÃ¡n cubiertas.;0
empatía;La empatÃ­a estÃ¡ vinculada con la capacidad de ponerse en el lugar del otro, conectar con sus necesidades y comprender su forma de actuar.;0
empatía;Suele aparecer como una reacciÃ³n inmediata e inconsciente, porque un individuo experimenta algo que le sucede a otro como si fuera un sentimiento propio.;0
conductismo;AdemÃ¡s, los tipos de condicionamiento y el conductismo en la educaciÃ³n.;0
conductismo;Analiza el comportamiento humano y de otros seres vivos, como un conjunto de relaciones entre estÃ­mulos y respuestas, con el objetivo de predecir y modificar las conductas.;0
humanismo;El humanismo fue un movimiento filosÃ³fico, artÃ­stico y cultural surgido en la Europa de los siglos XIV y XV, que se basÃ³ en la integraciÃ³n de ciertos valores y prÃ¡cticas recuperados de la AntigÃ¼edad ClÃ¡sica.;1
humanismo;TambiÃ©n llamado humanismo renacentista (aunque el humanismo renacentista solo haya sido un perÃ­odo dentro del humanismo), este movimiento se caracterizÃ³ por un pensamiento antropocÃ©ntrico, que colocaba al humano como eje de sus preocupaciones, motivaciones y deseos.;0
desarrollo cognitivo;AdemÃ¡s, las cuatro etapas del desarrollo cognitivo.;0
desarrollo cognitivo;Tiene sus inicios en la infancia temprana e involucra diversas etapas vinculadas a la capacidad innata que tienen las personas para comprender y adaptarse a su entorno.;0
creatividad;El pensamiento creativo estÃ¡ muy valorado en las sociedades actuales, en las que la innovaciÃ³n y el cambio juegan un rol importante.;0
creatividad;En Ã©l, intervienen procesos mentales complejos, como la memoria, la inteligencia y la imaginaciÃ³n.;0
estado;AdemÃ¡s, sus elementos y las diferencias con el gobierno y la naciÃ³n.;0
estado;Para que un colectivo humano organizado sea reconocido como un Estado, debe contar con ciertas caracterÃ­sticas, que incluyen los lÃ­mites territoriales, la autoridad sobre una poblaciÃ³n estable, unas instituciones administrativas, un sistema de gobierno, un sistema de justicia, un sistema de recaudaciÃ³n impositiva, cuerpos de seguridad interior y defensa exterior, y el reconocimiento internacional de otros Estados.;0
democracia;Este poder puede expresarse de forma directa o indirecta y, dentro del marco de la democracia, se espera que las instituciones ejecuten y defiendan la voluntad del pueblo, que les transfiere o delega el control del Estado en mayor o menor medida.;0
democracia;El tÃ©rmino âdemocraciaâ proviene de las voces griegas dÃªmos, âpuebloâ, y krateÃ®n, âpoderâ, de modo que equivale a algo asÃ­ como âel poder del puebloâ. De esta forma, los sistemas democrÃ¡ticos se distinguen de otras formas de gobiernos como las dictaduras, la autocracia y los autoritarismos.;0
ciudadanía;Ser ciudadano significa ser parte de una naciÃ³n y estar sujeto a sus normas y regulaciones.;0
ciudadanía;A cambio, se obtienen derechos esenciales como el derecho a votar, la protecciÃ³n por parte del Estado y el acceso a diversos servicios pÃºblicos.;0
ley;AdemÃ¡s, tipos de leyes, sus caracterÃ­sticas y ejemplos reales.;0
ley;Tiene como fin permitir o prohibir alguna acciÃ³n de los individuos con el objetivo de regular las conductas humanas y lograr una convivencia armoniosa dentro de una sociedad.;0
derechos;Por derechos de los animales o derechos animales nos referimos a las distintas corrientes de pensamiento segÃºn las cuales los animales deben estar protegidos por la ley de tratos crueles, y no deben ser considerados objetos de consumo.;1
derechos;Es decir que los animales no humanos, son sujetos de derecho independientemente de su especie.;0
soberanía;AdemÃ¡s, las caracterÃ­sticas de cada tipo de soberanÃ­a.;0
soberanía;Esto le confiere la autoridad necesaria para tomar autÃ³nomamente sus propias decisiones sobre polÃ­tica interior y exterior.;0
poder legislativo;Su principal funciÃ³n es crear, modificar y derogar las leyes que rigen a la sociedad.;0
poder legislativo;Esta instituciÃ³n de gobierno puede ser unicameral (con una sola cÃ¡mara) o bicameral (con dos cÃ¡maras, como un senado y un congreso de diputados).;0
justicia;Se habla de justicia cuando se obra rectamente y conforme a la razÃ³n, o sea, cuando se tiene la voluntad de actuar objetivamente y teniendo en cuenta el bienestar comÃºn.;1
justicia;El tÃ©rmino justicia proviene del latÃ­n iustitia (derivado de ius, âderechoâ) y puede tener diferentes acepciones de acuerdo con el Ã¡mbito especÃ­fico en el que se utilice.;0
participación;Con la palabra participaciÃ³n podemos referirnos a muchas cosas distintas en muchos Ã¡mbitos diferentes.;0
participación;Su origen se remonta al tÃ©rmino latino participatio, derivado del verbo participare, a su vez compuesto por las voces pars (âparteâ) y capere (âtomarâ o âagarrarâ).;0
derechos humanos;AdemÃ¡s, su importancia y un listado de estos derechos.;0
derechos humanos;Cuando hablamos de los derechos humanos o los derechos fundamentales del ser humano, nos referimos al conjunto de derechos inherentes, propios, de la condiciÃ³n humana.;0
autoridad;Con el tÃ©rmino autoridad nos referimos al ejercicio legÃ­timo del mando, esto es, al poder que se le otorga de manera consensuada y normada a quien posee las competencias necesarias para el liderazgo o la toma de decisiones.;0
autoridad;AsÃ­, cuando una persona con autoridad da una instrucciÃ³n, lo normal es que sus subordinados se sientan movidos a cumplirla.;0
libertad;AdemÃ¡s, diferentes definiciones sobre este concepto en polÃ­tica y filosofÃ­a.;0
libertad;La palabra libertad proviene del latÃ­n libertas y significa âcondiciÃ³n del que es libreâ, esto es, el estado o situaciÃ³n de la persona que no es esclava ni prisionera, y tiene la posibilidad de tomar decisiones y realizar cualquier acciÃ³n que desee, sin estar determinada por una circunstancia externa.;0
estado de derecho;Las constituciones garantizan las libertades polÃ­ticas y los derechos fundamentales de los ciudadanos y limitan los abusos de autoridad mediante la separaciÃ³n de poderes y el control judicial.;0
estado de derecho;De este modo, el Estado de derecho es caracterÃ­stico de los regÃ­menes democrÃ¡ticos.;0
sufragio;AdemÃ¡s, los tipos de sufragio que existen y su importancia.;0
sufragio;En los sistemas democrÃ¡ticos mÃ¡s antiguos, solo podÃ­an votar ciertos grupos, como los hombres ricos o los propietarios de tierras.;0
poder ejecutivo;AdemÃ¡s, sus funciones y atribuciones, y el caso de MÃ©xico.;0
poder ejecutivo;Su principal funciÃ³n es administrar y ejecutar la voluntad popular.;0
poder judicial;Por lo tanto, se ocupa de la resoluciÃ³n de los conflictos que surgen en la sociedad, segÃºn lo que dictan la ConstituciÃ³n y el marco jurÃ­dico correspondiente.;0
poder judicial;El Poder Judicial se compone de juzgados y tribunales, que son Ã³rganos jurisdiccionales, es decir, que tienen el poder para juzgar y hacer cumplir lo juzgado en un Ã¡mbito o territorio determinado.;0
república;AdemÃ¡s, su relaciÃ³n con la democracia y con la monarquÃ­a.;0
república;Esto significa que el gobierno lo desempeÃ±an individuos elegidos por la ciudadanÃ­a y sometidos a un cuerpo de leyes fundamentales, iguales para todos (es decir, una ConstituciÃ³n), en el marco de una separaciÃ³n de poderes.;0
dictadura;En una dictadura, el gobierno se ejerce de manera autoritaria, vertical y sin garantÃ­as legales para los ciudadanos ni espacio para el debate y el disenso polÃ­tico.;0
dictadura;Por lo tanto, es considerada una forma contraria a la democracia.;0
monarquía;La palabra proviene del griego monÃ¡rkhes, que deriva, a su vez, de mÃ³nos (âuno soloâ) y Ã¡rkho (âmandarâ, âgobernarâ).;0
monarquía;En la mayorÃ­a de las monarquÃ­as, la sucesiÃ³n es hereditaria, de manera tal que el poder polÃ­tico permanece en manos de una familia a lo largo de varias generaciones, que constituyen dinastÃ­as.;0
libertad de expresión;AdemÃ¡s, su historia y la libertad de expresiÃ³n en internet.;0
libertad de expresión;En la prÃ¡ctica, se manifiesta en varios Ã¡mbitos: desde el derecho a participar en debates pÃºblicos hasta la posibilidad de publicar libros y artÃ­culos, e incluso de expresar opiniones en las redes sociales.;0
consenso;Cuando usamos el tÃ©rmino consenso nos referimos a cualquier forma de acuerdo al que se llega a travÃ©s del consentimiento expreso de todos los involucrados, es decir, a travÃ©s de la unanimidad.;0
consenso;A los asuntos decididos de esta manera se les dice consensuados y, en cambio, a la falta de consenso o falta de acuerdo entre las partes se la conoce como disenso.;0
corrupción;AdemÃ¡s, algunos casos de corrupciÃ³n en la historia.;0
corrupción;La corrupciÃ³n puede ocurrir en distintos Ã¡mbitos, como el gobierno, las instituciones, las empresas, los organismos internacionales y los medios de comunicaciÃ³n.;0
participación ciudadana;Si bien estos participan de manera indirecta en el gobierno a travÃ©s del sufragio, tambiÃ©n tienen el derecho a manifestar de forma directa su opiniÃ³n y sus propuestas para la producciÃ³n de polÃ­ticas pÃºblicas.;0
participación ciudadana;El fomento desde el Estado de la participaciÃ³n ciudadana es considerado un camino hacia la construcciÃ³n de democracias mÃ¡s transparentes y abiertas.;0
derecho internacional;AdemÃ¡s, su historia, fuentes, principios y otras caracterÃ­sticas.;0
derecho internacional;O sea, se ocupa de la resoluciÃ³n de conflictos de competencia internacional, conflictos de leyes internacionales, la cooperaciÃ³n procesal internacional y la condiciÃ³n jurÃ­dica de los extranjeros.;0
ciencia;AdemÃ¡s, las ramas de la ciencia y el mÃ©todo cientÃ­fico.;0
ciencia;De este modo, la ciencia se alimenta a sÃ­ misma, pero tambiÃ©n se cuestiona y se corrige con el paso del tiempo.;0
método científico;AdemÃ¡s, ejemplos de su aplicaciÃ³n paso por paso.;0
método científico;ElÂ mÃ©todo cientÃ­ficoÂ esÂ unÂ procesoÂ queÂ tiene como finalidad establecer relaciones entre hechos para enunciar leyes y teorÃ­as que expliquen y fundamenten el funcionamiento del mundo.;0
experimento;Los experimentos pueden tener objetivos muy distintos y obedecer a diferentes metodologÃ­as.;0
experimento;En general, todos se proponen reproducir en un ambiente controlado algÃºn tipo de fenÃ³meno de la realidad, para poder medir y controlar las variables que intervienen en Ã©l.;0
hipótesis;AdemÃ¡s, cÃ³mo se formula, su importancia y ejemplos.;0
hipótesis;Las hipÃ³tesis son herramientas del pensamiento, cuyo valor es provisional.;0
observación;AdemÃ¡s, su importancia y ejemplos provenientes de la ciencia.;0
observación;Es decir, registra el modo en que ocurren los fenÃ³menos en la naturaleza antes de la intervenciÃ³n del investigador, y sirve para comprender el estado de la cuestiÃ³n que se va a estudiar.;0
innovación;Innovar es estar inmerso en lo nuevo, en lo novedoso, o en la vanguardia.;1
innovación;El Diccionario de la Real Academia EspaÃ±ola define la innovaciÃ³n como âacciÃ³n y efecto de innovarâ o, en el Ã¡mbito mÃ¡s especÃ­fico del comercio, como âcreaciÃ³n o modificaciÃ³n de un producto y su introducciÃ³n en un mercadoâ. AdemÃ¡s del Ã¡mbito comercial, es posible hallar este tÃ©rmino en contextos tan variados como el tecnolÃ³gico, el empresarial o el educativo.;0
tecnología;Por ejemplo: La creaciÃ³n de robots para la automatizaciÃ³n de tareas repetitivas o la clonaciÃ³n animal.;0
tecnología;La tecnologÃ­a se puede clasificar de diferentes maneras segÃºn las caracterÃ­sticas que se tomen en cuenta.;0
informática;Por eso en muchos espacios acadÃ©micos suelen diferenciar entre esta disciplina y las ciencias de la computaciÃ³n (o la ingenierÃ­a informÃ¡tica), considerando que estas Ãºltimas posen un abordaje mÃ¡s teÃ³rico de la materia, mientras que la informÃ¡tica tiene siempre un costado prÃ¡ctico y aplicado, vinculado con los dispositivos electrÃ³nicos.;0
informática;Otros, en cambio, consideran como subdisciplinas de la informÃ¡tica a las Ciencias de la computaciÃ³n, la IngenierÃ­a informÃ¡tica, los Sistemas de informaciÃ³n, la TecnologÃ­a de la informaciÃ³n y la IngenierÃ­a del software.;0
dato;AdemÃ¡s, su uso en estadÃ­stica y en informÃ¡tica.;0
dato;Para examinarlos deben ser organizados o tabulados, ya que un dato por sÃ­ mismo no puede demostrar demasiado sino que se debe evaluar el conjunto para examinar los resultados.;0
sistema;AdemÃ¡s, quÃ© tipos de sistemas existen y algunos ejemplos.;0
sistema;Cualquier segmento de la realidad, por lo tanto, puede ser considerado un sistema, siempre y cuando sea posible distinguir sus componentes interrelacionados del exterior.;0
algoritmo;AdemÃ¡s, cuÃ¡les son sus partes y caracterÃ­sticas principales.;0
algoritmo;En informÃ¡tica, se llama algoritmo a una secuencia de instrucciones u operaciones especÃ­ficas que permiten controlar determinados procesos.;0
bioética;AdemÃ¡s, para quÃ© sirve y algunos ejemplos de esta Ã©tica.;0
bioética;El concepto de bioÃ©tica hace alusiÃ³n a la Ã©tica de la vida o de la biologÃ­a.;0
análisis;AdemÃ¡s, quÃ© tipos de anÃ¡lisis existen y ejemplos de cada uno.;0
análisis;En todos los saberes y disciplinas existe algÃºn mÃ©todo de anÃ¡lisis a travÃ©s del cual obtener resultados.;0
ingeniería;AdemÃ¡s, cuÃ¡les son las caracterÃ­sticas de cada una de sus ramas.;0
ingeniería;La ingenierÃ­a esÂ una disciplina y un campo de estudio que consisten en la aplicaciÃ³n de los conocimientos cientÃ­ficos a la soluciÃ³n de los problemas y retos que enfrenta la humanidad, en sus muy distintas Ã¡reas.;0
biotecnología;AdemÃ¡s, diferencias entre la biotecnologÃ­a tradicional y la moderna.;0
biotecnología;La biotecnologÃ­a se basa en los saberes de la quÃ­mica, fÃ­sica, ingenierÃ­a, biologÃ­a, medicina y veterinaria, para emplear los procesos propios de la vida como una herramienta transformadora, aplicada a compuestos y materiales orgÃ¡nicos e inorgÃ¡nicos.;1
robótica;Para ello, combina la ingenierÃ­a mecÃ¡nica, ingenierÃ­a elÃ©ctrica, ingenierÃ­a electrÃ³nica, ingenierÃ­a biomÃ©dica y las ciencias de la computaciÃ³n, asÃ­ como otras disciplinas.;0
robótica;Su cometido es construir una herramienta que pueda desempeÃ±ar muchas de las labores que actualmente desempeÃ±a el ser humano, de manera mÃ¡s eficiente y rÃ¡pida, o en condiciones y ambientes que al ser humano le serÃ­an inaccesibles.;0
hardware;AdemÃ¡s tipos de hardware y ejemplos de hardware, y la diferencia entre harware y software.;0
hardware;En computaciÃ³n e informÃ¡tica, se conoce como hardware (del inglÃ©s hard, rÃ­gido, y ware, producto, mercancÃ­a) al conjunto de los componentes materiales, tangibles, de un computador o un sistema informÃ¡tico.;0
software;El software estÃ¡ compuesto por un conjunto de aplicaciones y programas diseÃ±ados para cumplir diversas funciones dentro de un sistema.;0
software;AdemÃ¡s, estÃ¡ formado por la informaciÃ³n del usuario y los datos procesados.;0
programación;AdemÃ¡s, historia de la programaciÃ³n, sus elementos y lenguajes.;0
programación;Este tÃ©rmino puede utilizarse en muchos contextos, es comÃºn hablar de programaciÃ³n a la hora de organizar una salida, las vacaciones o de la lista de programas con sus dÃ­as y horarios de emisiÃ³n de los canales de televisiÃ³n o la lista de pelÃ­culas de un cine.;0
comunicación;Todos los seres vivos presentan alguna forma de comunicaciÃ³n, ya sea mediante palabras, seÃ±ales quÃ­micas, sonidos o movimientos.;0
comunicación;Sin embargo, solo el ser humano tiene la capacidad para elaborar mensajes empleando un lenguaje.;0
lenguaje;AdemÃ¡s, ejemplos de lenguajes y diferencias con el habla y la lengua.;0
lenguaje;La comunicaciÃ³n requiere de este sistema de signos para llegar al objetivo del entendimiento comÃºn.;0
mensaje;En ciencias de la comunicaciÃ³n, el mensaje es aquello que deseamos comunicar, o sea, el contenido que el emisor desea transmitirle al receptor.;1
mensaje;"Su contenido puede ser desde una descripciÃ³n del mundo real, hasta una interjecciÃ³n emotiva o un intento por incidir en la conducta del receptor; y segÃºn sea el caso, estaremos en presencia de diferentes fines comunicativos.";0
emisor;Se llama emisor a la entidad, individuo o artefacto en el que se origina algÃºn tipo de informaciÃ³n, materia o energÃ­a, y que por lo tanto la emite o transmite hacia el medio circundante.;1
emisor;Dependiendo del tema y Ã¡rea del saber al cual se refiera, dicho emisor puede ser de tan distinta naturaleza como aquello que se emite.;0
receptor;Llamamos receptor a cualquier instancia que cumple el rol de captar, obtener y usualmente interpretar o responder, algÃºn tipo de mensaje, estÃ­mulo o informaciÃ³n.;1
receptor;El receptor puede ser un individuo, organizaciÃ³n o parte de un sistema.;0
código;AdemÃ¡s, quÃ© son la codificaciÃ³n y la decodificaciÃ³n, y otros elementos de la comunicaciÃ³n.;0
código;En el habla cotidiana, es lo que se conoce como idioma o lengua.;0
canal;AdemÃ¡s, los tipos que hay, ejemplos y la funciÃ³n que cumplen.;0
canal;Por ejemplo, en este mismo instante, la informaciÃ³n contenida en este texto estÃ¡ llegando a sus lectores luego de haber sido transmitida en una red informÃ¡tica, empleando para ello seÃ±ales satelitales, cables de fibra Ã³ptica o wifi.;0
contexto;"Por ejemplo, la frase âÂ¡No lo puedo creer!â puede significar cosas distintas dependiendo del contexto en el que se utilice: al recibir un regalo, transmite agradecimiento; pero al presenciar un robo, denota indignaciÃ³n.";0
contexto;En muchas situaciones de la vida, para comprender completamente un evento, harÃ¡ falta tomar en consideraciÃ³n su contexto.;0
retroalimentación;Puede hablarse deÂ retroalimentaciÃ³nÂ en numerosos contextos y a propÃ³sito de diversos enfoques sistÃ©micos, ya sea en la ingenierÃ­a, la arquitectura, la economÃ­a, la biologÃ­a, la administraciÃ³n y las ciencias de la comunicaciÃ³n, entre otras.;0
retroalimentación;Puede darse como un fenÃ³meno deseado o accidental, con consecuencias positivas o nocivas, dependiendo de su contexto.;0
diálogo;AdemÃ¡s, el diÃ¡logo directo, el diÃ¡logo indirecto y el monÃ³logo.;0
diálogo;ComÃºnmente, por diÃ¡logo entendemos al intercambio recÃ­proco de informaciÃ³n entre un emisor y un receptor a travÃ©s de un medio oral u escrito.;0
discurso;Un concepto de discurso mÃ¡s especÃ­fico hace referencia a la acciÃ³n que ejecuta una persona cuando habla ante un pÃºblico y emite un mensaje previamente preparado.;0
discurso;Este tipo de discursoÂ busca orientar respecto a un tema y es desarrollado de manera tal que capte el interÃ©s del pÃºblico.;0
narrativa;AdemÃ¡s, sus elementos, tipos de narrador y de personaje.;0
narrativa;La presencia de una voz que cuenta el relato, llamada narrador, es su rasgo fundamental y que mejor la define, distinguiÃ©ndola de otros gÃ©neros literarios.;0
semiótica;AdemÃ¡s, ejemplos y su relaciÃ³n con la semiologÃ­a.;0
semiótica;Se llama semiÃ³tica o semiologÃ­a (dependiendo de la perspectiva acadÃ©mica) a la ciencia derivada de la filosofÃ­a, que se dedica al estudio de los sistemas de comunicaciÃ³n dentro de las sociedades humanas.;0
signo;AdemÃ¡s, signos lingÃ¼Ã­sticos, no lingÃ¼Ã­sticos y sÃ­mbolos.;0
signo;Dicho de otra manera, un signo es aquello que podemos poner en el lugar de otro objeto, o sea, con que podemos evocarlo en su ausencia o podemos deducir su presencia, puesto que todo signo guarda algÃºn tipo de relaciÃ³n de identidad con su referente.;0
texto;Para ello, se emplea un sistema concreto de signos, que se conoce como lenguaje, y, dentro de dicho sistema, un cÃ³digo concreto que se conoce como lengua o idioma.;0
texto;Por lo tanto, todos los textos contienen una serie de mensajes cifrados que el lector debe poder recuperar y que pueden ser de muy diversa Ã­ndole.;0
interpretación;AdemÃ¡s, cÃ³mo la entienden diferentes disciplinas.;0
interpretación;La palabra interpretaciÃ³n puede tener mÃºltiples significados, dependiendo del contexto en que la usemos.;0
medios;Los medios de comunicaciÃ³n audiovisuales, o simplemente medios audiovisuales, son aquellos mecanismos de comunicaciÃ³n masiva que transmiten sus mensajes a travÃ©s de canales que involucran tanto el sentido de la vista como la audiciÃ³n.;1
medios;Los medios audiovisuales se basan en la transmisiÃ³n conjunta de imÃ¡genes y sonido de manera articulada, es decir, simultÃ¡nea y sincronizada, para lograr un potente efecto de realidad.;1
argumentación;Para ello, emplea argumentos, es decir, razonamientos lÃ³gicos, conscientes y demostrables.;0
argumentación;AdemÃ¡s, se conoce como âteorÃ­a de la argumentaciÃ³nâ al estudio de los argumentos desde disciplinas como la lÃ³gica, la filosofÃ­a y la oratoria.;0
retórica;Los elementos que la retÃ³rica estudia son en principio de tipo verbal, o sea, pertenecientes al lenguaje, pero no Ãºnicamente hablado: la expresiÃ³n escrita e incluso el uso conjunto de imÃ¡genes y texto bien puede resultar de su interÃ©s, especialmente en las formas contemporÃ¡neas de elaboraciÃ³n de discursos.;0
retórica;Los inicios de esta disciplina datan de la antigÃ¼edad grecorromana.;0
comunicación interpersonal;Los participantes de una comunicaciÃ³n interpersonal pueden compartir un espacio fÃ­sico, es decir, encontrarse en el mismo sitio, o pueden estar en lugares distintos e interactuar utilizando algÃºn soporte tecnolÃ³gico, como un celular.;0
comunicación interpersonal;La comunicaciÃ³n interpersonal suele ocurrir en diversos Ã¡mbitos, como el hogar, el trabajo o la calle, y abarca una serie de procesos: la codificaciÃ³n, la transmisiÃ³n y la decodificaciÃ³n de la informaciÃ³n.;0
periodismo;Su propÃ³sito central es brindar informaciÃ³n, o sea, hacer llegar a los ciudadanos un relato de los hechos confiable, veraz y oportuno.;0
periodismo;Para lograr su cometido emplea recursos auditivos, visuales, escritos o audiovisuales.;0
publicidad;AdemÃ¡s, cuÃ¡les son sus etapas y las tÃ©cnicas que utiliza.;0
publicidad;La publicidad esÂ un medio de divulgaciÃ³n en el cual diversos organismos, empresas, individuos, ONG, entre otros, intentan hacerse conocer, anunciar o simplemente aludir ciertos bienes, servicios, para poder interesar a potenciales compradores, usuarios, etc.;0
propaganda;AdemÃ¡s, te contamos en quÃ© se diferencia de la publicidad.;0
propaganda;Dichos contenidos pueden consistir en informaciÃ³n objetiva, rumores, medias verdades, argumentos e incluso mentiras, y su fin Ãºltimo es propiciar o perjudicar algÃºn tipo de causa, ideologÃ­a o movimiento.;0
identidad cultural;Todas las personas poseen una identidad cultural, que en gran parte estÃ¡ determinada por las condiciones de nacimiento y por la cultura hegemÃ³nica o mayoritaria recibida.;0
identidad cultural;Sin embargo, tambiÃ©n influyen los subgrupos que existen dentro de una cultura.;0
diversidad cultural;Incluye diversidad de lenguas, tradiciones, costumbres, religiones, artes, gastronomÃ­a y otros elementos que diferencian a los diversos grupos culturales.;0
diversidad cultural;El concepto de diversidad cultural surgiÃ³ en el marco de la lucha de los diferentes movimientos de derechos civiles en contra de la opresiÃ³n, la discriminaciÃ³n racial y la marginaciÃ³n cultural impuestas por sistemas coloniales y racistas.;0
patrimonio cultural;AdemÃ¡s, ejemplos en MÃ©xico y en el resto del mundo.;0
patrimonio cultural;Comprende desde lugares, monumentos y obras artÃ­sticas hasta bailes, cantos y vestimentas.;0
